[{"model": "admin.logentry", "pk": 1, "fields": {"action_time": "2026-03-02T10:10:03.352Z", "user": 1, "content_type": 10, "object_id": "2", "object_repr": "Ravi - February 2026", "action_flag": 1, "change_message": "[{\"added\": {}}]"}}, {"model": "admin.logentry", "pk": 2, "fields": {"action_time": "2026-03-06T12:46:31.451Z", "user": 1, "content_type": 7, "object_id": "11", "object_repr": "somaraj", "action_flag": 2, "change_message": "[{\"changed\": {\"fields\": [\"Phone\"]}}]"}}, {"model": "admin.logentry", "pk": 3, "fields": {"action_time": "2026-03-06T12:46:57.853Z", "user": 1, "content_type": 7, "object_id": "11", "object_repr": "somaraj", "action_flag": 2, "change_message": "[{\"changed\": {\"fields\": [\"Phone\"]}}]"}}, {"model": "admin.logentry", "pk": 4, "fields": {"action_time": "2026-03-06T14:10:03.452Z", "user": 1, "content_type": 7, "object_id": "11", "object_repr": "somaraj", "action_flag": 2, "change_message": "[{\"changed\": {\"fields\": [\"Phone\"]}}]"}}, {"model": "admin.logentry", "pk": 5, "fields": {"action_time": "2026-03-06T14:10:15.769Z", "user": 1, "content_type": 7, "object_id": "10", "object_repr": "ganesh", "action_flag": 2, "change_message": "[{\"changed\": {\"fields\": [\"Phone\"]}}]"}}, {"model": "admin.logentry", "pk": 6, "fields": {"action_time": "2026-03-06T14:10:26.580Z", "user": 1, "content_type": 7, "object_id": "9", "object_repr": "Surendra", "action_flag": 2, "change_message": "[{\"changed\": {\"fields\": [\"Phone\"]}}]"}}, {"model": "admin.logentry", "pk": 7, "fields": {"action_time": "2026-03-06T14:10:32.970Z", "user": 1, "content_type": 7, "object_id": "6", "object_repr": "sravani", "action_flag": 2, "change_message": "[{\"changed\": {\"fields\": [\"Phone\"]}}]"}}, {"model": "admin.logentry", "pk": 8, "fields": {"action_time": "2026-03-06T14:10:40.004Z", "user": 1, "content_type": 7, "object_id": "4", "object_repr": "pavan", "action_flag": 2, "change_message": "[{\"changed\": {\"fields\": [\"Phone\"]}}]"}}, {"model": "admin.logentry", "pk": 9, "fields": {"action_time": "2026-03-06T14:10:44.826Z", "user": 1, "content_type": 7, "object_id": "4", "object_repr": "pavan", "action_flag": 2, "change_message": "[]"}}, {"model": "admin.logentry", "pk": 10, "fields": {"action_time": "2026-03-06T14:10:51.271Z", "user": 1, "content_type": 7, "object_id": "1", "object_repr": "John Doe lee unn kee", "action_flag": 2, "change_message": "[{\"changed\": {\"fields\": [\"Phone\"]}}]"}}, {"model": "admin.logentry", "pk": 11, "fields": {"action_time": "2026-03-07T05:32:32.557Z", "user": 1, "content_type": 4, "object_id": "1", "object_repr": "surya", "action_flag": 2, "change_message": "[{\"changed\": {\"fields\": [\"Email address\"]}}]"}}, {"model": "admin.logentry", "pk": 12, "fields": {"action_time": "2026-03-07T16:02:52.647Z", "user": 1, "content_type": 7, "object_id": "12", "object_repr": "veera", "action_flag": 2, "change_message": "[{\"changed\": {\"fields\": [\"User\"]}}]"}}, {"model": "admin.logentry", "pk": 13, "fields": {"action_time": "2026-03-07T16:11:50.966Z", "user": 1, "content_type": 7, "object_id": "12", "object_repr": "veera", "action_flag": 2, "change_message": "[{\"changed\": {\"fields\": [\"Email\"]}}]"}}, {"model": "admin.logentry", "pk": 14, "fields": {"action_time": "2026-03-07T16:33:12.863Z", "user": 1, "content_type": 7, "object_id": "9", "object_repr": "Surendra", "action_flag": 2, "change_message": "[]"}}, {"model": "admin.logentry", "pk": 15, "fields": {"action_time": "2026-03-10T05:48:59.426Z", "user": 1, "content_type": 4, "object_id": "23", "object_repr": "admin", "action_flag": 3, "change_message": ""}}, {"model": "admin.logentry", "pk": 16, "fields": {"action_time": "2026-03-10T05:57:52.739Z", "user": 1, "content_type": 4, "object_id": "1", "object_repr": "surya", "action_flag": 2, "change_message": "[]"}}, {"model": "admin.logentry", "pk": 17, "fields": {"action_time": "2026-03-10T06:06:55.377Z", "user": 1, "content_type": 4, "object_id": "27", "object_repr": "rambabu", "action_flag": 1, "change_message": "[{\"added\": {}}]"}}, {"model": "admin.logentry", "pk": 18, "fields": {"action_time": "2026-03-10T06:07:57.876Z", "user": 1, "content_type": 4, "object_id": "27", "object_repr": "rambabu", "action_flag": 3, "change_message": ""}}, {"model": "admin.logentry", "pk": 19, "fields": {"action_time": "2026-03-10T06:10:37.737Z", "user": 1, "content_type": 4, "object_id": "1", "object_repr": "surendrababu", "action_flag": 2, "change_message": "[{\"changed\": {\"fields\": [\"Username\"]}}]"}}, {"model": "admin.logentry", "pk": 20, "fields": {"action_time": "2026-03-10T06:15:33.209Z", "user": 1, "content_type": 4, "object_id": "1", "object_repr": "surendrababu", "action_flag": 2, "change_message": "[]"}}, {"model": "admin.logentry", "pk": 21, "fields": {"action_time": "2026-03-10T06:16:36.398Z", "user": 1, "content_type": 7, "object_id": "14", "object_repr": "Jane Doe", "action_flag": 2, "change_message": "[{\"changed\": {\"fields\": [\"Gender\"]}}]"}}, {"model": "admin.logentry", "pk": 22, "fields": {"action_time": "2026-03-10T06:45:46.175Z", "user": 1, "content_type": 4, "object_id": "28", "object_repr": "sure", "action_flag": 3, "change_message": ""}}, {"model": "admin.logentry", "pk": 23, "fields": {"action_time": "2026-03-10T16:49:31.033Z", "user": 1, "content_type": 4, "object_id": "30", "object_repr": "admin", "action_flag": 3, "change_message": ""}}, {"model": "auth.permission", "pk": 1, "fields": {"name": "Can add log entry", "content_type": 1, "codename": "add_logentry"}}, {"model": "auth.permission", "pk": 2, "fields": {"name": "Can change log entry", "content_type": 1, "codename": "change_logentry"}}, {"model": "auth.permission", "pk": 3, "fields": {"name": "Can delete log entry", "content_type": 1, "codename": "delete_logentry"}}, {"model": "auth.permission", "pk": 4, "fields": {"name": "Can view log entry", "content_type": 1, "codename": "view_logentry"}}, {"model": "auth.permission", "pk": 5, "fields": {"name": "Can add permission", "content_type": 3, "codename": "add_permission"}}, {"model": "auth.permission", "pk": 6, "fields": {"name": "Can change permission", "content_type": 3, "codename": "change_permission"}}, {"model": "auth.permission", "pk": 7, "fields": {"name": "Can delete permission", "content_type": 3, "codename": "delete_permission"}}, {"model": "auth.permission", "pk": 8, "fields": {"name": "Can view permission", "content_type": 3, "codename": "view_permission"}}, {"model": "auth.permission", "pk": 9, "fields": {"name": "Can add group", "content_type": 2, "codename": "add_group"}}, {"model": "auth.permission", "pk": 10, "fields": {"name": "Can change group", "content_type": 2, "codename": "change_group"}}, {"model": "auth.permission", "pk": 11, "fields": {"name": "Can delete group", "content_type": 2, "codename": "delete_group"}}, {"model": "auth.permission", "pk": 12, "fields": {"name": "Can view group", "content_type": 2, "codename": "view_group"}}, {"model": "auth.permission", "pk": 13, "fields": {"name": "Can add user", "content_type": 4, "codename": "add_user"}}, {"model": "auth.permission", "pk": 14, "fields": {"name": "Can change user", "content_type": 4, "codename": "change_user"}}, {"model": "auth.permission", "pk": 15, "fields": {"name": "Can delete user", "content_type": 4, "codename": "delete_user"}}, {"model": "auth.permission", "pk": 16, "fields": {"name": "Can view user", "content_type": 4, "codename": "view_user"}}, {"model": "auth.permission", "pk": 17, "fields": {"name": "Can add content type", "content_type": 5, "codename": "add_contenttype"}}, {"model": "auth.permission", "pk": 18, "fields": {"name": "Can change content type", "content_type": 5, "codename": "change_contenttype"}}, {"model": "auth.permission", "pk": 19, "fields": {"name": "Can delete content type", "content_type": 5, "codename": "delete_contenttype"}}, {"model": "auth.permission", "pk": 20, "fields": {"name": "Can view content type", "content_type": 5, "codename": "view_contenttype"}}, {"model": "auth.permission", "pk": 21, "fields": {"name": "Can add session", "content_type": 6, "codename": "add_session"}}, {"model": "auth.permission", "pk": 22, "fields": {"name": "Can change session", "content_type": 6, "codename": "change_session"}}, {"model": "auth.permission", "pk": 23, "fields": {"name": "Can delete session", "content_type": 6, "codename": "delete_session"}}, {"model": "auth.permission", "pk": 24, "fields": {"name": "Can view session", "content_type": 6, "codename": "view_session"}}, {"model": "auth.permission", "pk": 25, "fields": {"name": "Can add student", "content_type": 7, "codename": "add_student"}}, {"model": "auth.permission", "pk": 26, "fields": {"name": "Can change student", "content_type": 7, "codename": "change_student"}}, {"model": "auth.permission", "pk": 27, "fields": {"name": "Can delete student", "content_type": 7, "codename": "delete_student"}}, {"model": "auth.permission", "pk": 28, "fields": {"name": "Can view student", "content_type": 7, "codename": "view_student"}}, {"model": "auth.permission", "pk": 29, "fields": {"name": "Can add room", "content_type": 8, "codename": "add_room"}}, {"model": "auth.permission", "pk": 30, "fields": {"name": "Can change room", "content_type": 8, "codename": "change_room"}}, {"model": "auth.permission", "pk": 31, "fields": {"name": "Can delete room", "content_type": 8, "codename": "delete_room"}}, {"model": "auth.permission", "pk": 32, "fields": {"name": "Can view room", "content_type": 8, "codename": "view_room"}}, {"model": "auth.permission", "pk": 33, "fields": {"name": "Can add allocation", "content_type": 9, "codename": "add_allocation"}}, {"model": "auth.permission", "pk": 34, "fields": {"name": "Can change allocation", "content_type": 9, "codename": "change_allocation"}}, {"model": "auth.permission", "pk": 35, "fields": {"name": "Can delete allocation", "content_type": 9, "codename": "delete_allocation"}}, {"model": "auth.permission", "pk": 36, "fields": {"name": "Can view allocation", "content_type": 9, "codename": "view_allocation"}}, {"model": "auth.permission", "pk": 37, "fields": {"name": "Can add payment", "content_type": 10, "codename": "add_payment"}}, {"model": "auth.permission", "pk": 38, "fields": {"name": "Can change payment", "content_type": 10, "codename": "change_payment"}}, {"model": "auth.permission", "pk": 39, "fields": {"name": "Can delete payment", "content_type": 10, "codename": "delete_payment"}}, {"model": "auth.permission", "pk": 40, "fields": {"name": "Can view payment", "content_type": 10, "codename": "view_payment"}}, {"model": "auth.user", "pk": 1, "fields": {"password": "pbkdf2_sha256$1200000$4ffUGIUDUhHxwgPY7sNMJg$J5ixQSugHYv6GKeGX17foiP5dy6ejzjjjXc7nv5mn28=", "last_login": "2026-03-10T05:48:13Z", "is_superuser": true, "username": "surendrababu", "first_name": "", "last_name": "", "email": "yanamadalasurendra@gmail.com", "is_staff": true, "is_active": true, "date_joined": "2026-03-01T07:37:24Z", "groups": [], "user_permissions": []}}, {"model": "auth.user", "pk": 2, "fields": {"password": "pbkdf2_sha256$1200000$M0ompl3pO7jeqCAMuLIYdS$iq6YMww54iaLHlTzXsXB5o/hI1vJcKjvlErkDMSEAA0=", "last_login": null, "is_superuser": false, "username": "sai", "first_name": "", "last_name": "", "email": "sai@gmail.com", "is_staff": false, "is_active": true, "date_joined": "2026-03-01T07:44:15.741Z", "groups": [], "user_permissions": []}}, {"model": "auth.user", "pk": 3, "fields": {"password": "pbkdf2_sha256$1200000$uRJyuHxMxfhwZJP0fsE3Po$BwcU4MUXTA6qDdQjWeql1H5PbNr4QDybJ6SXjRtFaUw=", "last_login": null, "is_superuser": false, "username": "kasi", "first_name": "", "last_name": "", "email": "kasi@gmail.com", "is_staff": false, "is_active": true, "date_joined": "2026-03-03T16:32:11.500Z", "groups": [], "user_permissions": []}}, {"model": "auth.user", "pk": 4, "fields": {"password": "pbkdf2_sha256$1200000$zluhmrgc9tFMGJJQlwkj3e$tM/VoGZ/0D5Zt3RT+Thaqc7YUYAEiQ0VPXoIQNAS1aM=", "last_login": null, "is_superuser": false, "username": "jaya", "first_name": "", "last_name": "", "email": "jaya@gmail.com", "is_staff": false, "is_active": true, "date_joined": "2026-03-04T04:55:10.138Z", "groups": [], "user_permissions": []}}, {"model": "auth.user", "pk": 5, "fields": {"password": "pbkdf2_sha256$1200000$GXQIPmspbnbKvimfV9a1FW$nS7ziwRomiyYiedq1YlLe95o2g7+muF2cQQoaRIMpSI=", "last_login": null, "is_superuser": false, "username": "john.doe@example.com", "first_name": "", "last_name": "", "email": "john.doe@example.com", "is_staff": false, "is_active": true, "date_joined": "2026-03-04T05:56:11.844Z", "groups": [], "user_permissions": []}}, {"model": "auth.user", "pk": 6, "fields": {"password": "pbkdf2_sha256$1200000$3SgxwkizZFSSnz9bLZ54db$TW4nLvt7234H29MR+Jo+uXQfH1qwhpauUv55LUB1AGk=", "last_login": null, "is_superuser": false, "username": "pavan@gmail.com", "first_name": "", "last_name": "", "email": "pavan@gmail.com", "is_staff": false, "is_active": true, "date_joined": "2026-03-04T05:56:12.457Z", "groups": [], "user_permissions": []}}, {"model": "auth.user", "pk": 7, "fields": {"password": "pbkdf2_sha256$1200000$LGXAd0I8PXHyuPWcR2gJEi$UECLxg9JOtAGeuGZUrXRQyAZZ4jRKgMrQ1ERpH/KCBU=", "last_login": null, "is_superuser": false, "username": "saravani@gmail.com", "first_name": "", "last_name": "", "email": "saravani@gmail.com", "is_staff": false, "is_active": true, "date_joined": "2026-03-04T05:56:12.943Z", "groups": [], "user_permissions": []}}, {"model": "auth.user", "pk": 8, "fields": {"password": "pbkdf2_sha256$1200000$iksmh2fudIY4yBUGSlWWrf$o9R1AX4zcKi62BJo5EkiCB3D8gBkE7Sr0P/3/8jKdTw=", "last_login": null, "is_superuser": false, "username": "harika@gmail.com", "first_name": "", "last_name": "", "email": "harika@gmail.com", "is_staff": false, "is_active": true, "date_joined": "2026-03-04T05:56:13.358Z", "groups": [], "user_permissions": []}}, {"model": "auth.user", "pk": 9, "fields": {"password": "pbkdf2_sha256$1200000$lsXI18qMN5BluHVLw21kVm$9ZmBYneNqE2wPq2nG1sAkB+NjgjbdU15YQLFCY8VEoo=", "last_login": null, "is_superuser": false, "username": "madhav", "first_name": "", "last_name": "", "email": "madhav@gmail.com", "is_staff": false, "is_active": true, "date_joined": "2026-03-04T07:42:32.833Z", "groups": [], "user_permissions": []}}, {"model": "auth.user", "pk": 10, "fields": {"password": "pbkdf2_sha256$1200000$Ws86eubAAvIJQplnsus4Vr$db5lLardYoNjv2FChLU6Xyj0L9u8mB/7VIouRGXo1pg=", "last_login": null, "is_superuser": false, "username": "kalyan", "first_name": "", "last_name": "", "email": "kalyan@gmail.com", "is_staff": false, "is_active": true, "date_joined": "2026-03-04T07:44:01.326Z", "groups": [], "user_permissions": []}}, {"model": "auth.user", "pk": 11, "fields": {"password": "pbkdf2_sha256$1200000$sXKk20N7jYphsBvDV2lmZE$6g6v1y1h9PX3F6Itf+GwnN7dAYztJ5SK2xkP0A4bbSs=", "last_login": null, "is_superuser": false, "username": "surendra", "first_name": "", "last_name": "", "email": "surendra@gmail.com", "is_staff": false, "is_active": true, "date_joined": "2026-03-04T12:26:19.759Z", "groups": [], "user_permissions": []}}, {"model": "auth.user", "pk": 12, "fields": {"password": "pbkdf2_sha256$1200000$L8RfsCgyEmba3clrXa0LV2$FsCRrQCNEYc7U8I+8VZ237tSnxTKV1ldxYzRycrSeqU=", "last_login": null, "is_superuser": false, "username": "ganesh", "first_name": "", "last_name": "", "email": "ganesh@gmail.com", "is_staff": false, "is_active": true, "date_joined": "2026-03-05T10:30:23.107Z", "groups": [], "user_permissions": []}}, {"model": "auth.user", "pk": 13, "fields": {"password": "pbkdf2_sha256$1200000$YuBRiDfIuT7w4ksCiopUJV$bJx3DJk2XolVe3kGd7gxxQhqFWgLoBmg2op+iUMTbpo=", "last_login": null, "is_superuser": false, "username": "somaraj", "first_name": "", "last_name": "", "email": "somaraj@gmail.com", "is_staff": false, "is_active": true, "date_joined": "2026-03-05T10:53:27.080Z", "groups": [], "user_permissions": []}}, {"model": "auth.user", "pk": 14, "fields": {"password": "pbkdf2_sha256$1200000$5jGJvedUKTMYpNYGtSHK71$7toWcRJCcZBsmWP5+r+0Udla7zfS/32rkuAONyQeSgA=", "last_login": null, "is_superuser": false, "username": "ram", "first_name": "", "last_name": "", "email": "ram@gmail.com", "is_staff": false, "is_active": true, "date_joined": "2026-03-05T11:04:56.606Z", "groups": [], "user_permissions": []}}, {"model": "auth.user", "pk": 17, "fields": {"password": "pbkdf2_sha256$1200000$DVZAL1js33zoxe5acrr8Hc$5BmMq4Yf97KjGdgFxIV1THppG2DY+yCXTMgkuuxtqVk=", "last_login": null, "is_superuser": false, "username": "somaraj2", "first_name": "", "last_name": "", "email": "somaraj2@gmail.com", "is_staff": false, "is_active": true, "date_joined": "2026-03-05T11:11:05.465Z", "groups": [], "user_permissions": []}}, {"model": "auth.user", "pk": 18, "fields": {"password": "pbkdf2_sha256$1200000$rW2MbEPX6DFLJy624v3Lpe$0UsFx+HlVTLC4IW65Flsd8WTcYP91bfznk28GRKhr3o=", "last_login": null, "is_superuser": false, "username": "narayana", "first_name": "", "last_name": "", "email": "narayana@gmail.com", "is_staff": false, "is_active": true, "date_joined": "2026-03-06T07:33:43.225Z", "groups": [], "user_permissions": []}}, {"model": "auth.user", "pk": 21, "fields": {"password": "pbkdf2_sha256$1200000$U6H8rco2LzDiszB38Nmi3W$5FpTW2j8XRnVet7lUa4rgwNb2icsb8WQjY1xCpqCPg0=", "last_login": null, "is_superuser": false, "username": "veera", "first_name": "", "last_name": "", "email": "yveera936@gmail.com", "is_staff": false, "is_active": true, "date_joined": "2026-03-07T09:57:21.819Z", "groups": [], "user_permissions": []}}, {"model": "auth.user", "pk": 22, "fields": {"password": "pbkdf2_sha256$1200000$dDKGP8G1uenBZGXU57fDrq$VgRSS1vRRlyYYvBurRMVoT4FpIBX/reniSblHSZ306I=", "last_login": null, "is_superuser": false, "username": "ramesh", "first_name": "", "last_name": "", "email": "test@example.com", "is_staff": false, "is_active": true, "date_joined": "2026-03-08T14:08:10.284Z", "groups": [], "user_permissions": []}}, {"model": "auth.user", "pk": 24, "fields": {"password": "pbkdf2_sha256$1200000$dn2FSEpLLJVHS4Lr8aRuQP$OMiQzT4CZfKIpzPNCGqD+rN+JsMehjhwmdUkOdVWBnU=", "last_login": null, "is_superuser": false, "username": "john", "first_name": "", "last_name": "", "email": "john@example.com", "is_staff": false, "is_active": true, "date_joined": "2026-03-10T04:23:44.679Z", "groups": [], "user_permissions": []}}, {"model": "auth.user", "pk": 25, "fields": {"password": "pbkdf2_sha256$1200000$PIiwFbLKiQZNz3ZI2NljnM$dpWj5T8sdj4QDf0H+7p6Vq0dhBNGAUrAsPm8JR5XoIA=", "last_login": null, "is_superuser": false, "username": "jane", "first_name": "", "last_name": "", "email": "jane@example.com", "is_staff": false, "is_active": true, "date_joined": "2026-03-10T04:23:45.145Z", "groups": [], "user_permissions": []}}, {"model": "auth.user", "pk": 26, "fields": {"password": "pbkdf2_sha256$1200000$SVNDP9x3gE2kEi2OHnCTM2$V2dx60+09KWthMj70PRF/8ZSg26dhuHAQiaDO8MNLxE=", "last_login": null, "is_superuser": false, "username": "bob", "first_name": "", "last_name": "", "email": "bob@example.com", "is_staff": false, "is_active": true, "date_joined": "2026-03-10T04:23:45.598Z", "groups": [], "user_permissions": []}}, {"model": "auth.user", "pk": 29, "fields": {"password": "pbkdf2_sha256$1200000$9ONjEUizO98pOiZyu4tlnU$tDNrruElEU2rVg7KOKRJZwhPlTop2fRZNam+Jkazch8=", "last_login": null, "is_superuser": false, "username": "vekey", "first_name": "", "last_name": "", "email": "test@example.com", "is_staff": false, "is_active": true, "date_joined": "2026-03-10T06:44:09.698Z", "groups": [], "user_permissions": []}}, {"model": "auth.user", "pk": 31, "fields": {"password": "pbkdf2_sha256$1200000$Sn4lECB8uPYKNgQFC7VW2M$by/HLamUQKZhw8RW+0wOxwIlOQNm2NMQ9EES3+SFdP0=", "last_login": null, "is_superuser": false, "username": "veerababu", "first_name": "", "last_name": "", "email": "yveera936@gmail.com", "is_staff": false, "is_active": true, "date_joined": "2026-03-10T15:22:12.594Z", "groups": [], "user_permissions": []}}, {"model": "auth.user", "pk": 32, "fields": {"password": "pbkdf2_sha256$1200000$nuVxt66HZnD4Eekmqe1wx0$EjTWwNX/T5tIt+iVdG6qge9uTzqSZu0AFlc+kzyuEws=", "last_login": null, "is_superuser": false, "username": "subbu", "first_name": "", "last_name": "", "email": "subbu@gmail.com", "is_staff": false, "is_active": true, "date_joined": "2026-03-10T15:39:19.872Z", "groups": [], "user_permissions": []}}, {"model": "auth.user", "pk": 33, "fields": {"password": "pbkdf2_sha256$1200000$bksJO4NL7ogVQ5ZtC4FpCp$fB5avINcaB38ySbTGu5wmuwEgTvTI5F05FpBh/iVMVc=", "last_login": null, "is_superuser": false, "username": "jayram", "first_name": "", "last_name": "", "email": "jayram@gmail.com", "is_staff": false, "is_active": true, "date_joined": "2026-03-10T16:24:04.883Z", "groups": [], "user_permissions": []}}, {"model": "auth.user", "pk": 34, "fields": {"password": "pbkdf2_sha256$1200000$GyOZJQTipwjAUnoeV4qSQL$C0iFyi2UZShK6z1Kd+IgIoS/W1NFSW1sBtEkZUt8W7M=", "last_login": null, "is_superuser": false, "username": "test_user_678", "first_name": "", "last_name": "", "email": "test678@example.com", "is_staff": false, "is_active": true, "date_joined": "2026-03-10T16:27:39.667Z", "groups": [], "user_permissions": []}}, {"model": "auth.user", "pk": 35, "fields": {"password": "pbkdf2_sha256$1200000$iuEFMuQBaP2DoT6faVU1O2$06jzTN44Bfg4OJes8iK66S2+94LftyDpJ+4XNri/N6c=", "last_login": null, "is_superuser": false, "username": "saigowtham", "first_name": "", "last_name": "", "email": "vvssgowthamyanamadala@gmail.com", "is_staff": false, "is_active": true, "date_joined": "2026-03-10T16:30:34.304Z", "groups": [], "user_permissions": []}}, {"model": "auth.user", "pk": 36, "fields": {"password": "pbkdf2_sha256$1200000$DzYV08jZH56Rfm4L8uqIH8$XGnycLkR1DpdLtmt/1ZFme22uE3cMmnjIBnYjJhJa4g=", "last_login": null, "is_superuser": false, "username": "bhupathi", "first_name": "", "last_name": "", "email": "bhupathi@gmail.com", "is_staff": false, "is_active": true, "date_joined": "2026-03-10T17:54:16.382Z", "groups": [], "user_permissions": []}}, {"model": "auth.user", "pk": 37, "fields": {"password": "pbkdf2_sha256$1200000$4p34dSw4qG2FaCIaOmzYOb$5fc66jqmAIby57SwWm4RSM9Z19b08lUivyPrBimgkwc=", "last_login": null, "is_superuser": true, "username": "babu", "first_name": "", "last_name": "", "email": "yanamadalasurendra@gmail.com", "is_staff": true, "is_active": true, "date_joined": "2026-03-29T05:20:33.654Z", "groups": [], "user_permissions": []}}, {"model": "auth.user", "pk": 38, "fields": {"password": "pbkdf2_sha256$1200000$4sKv1juZL4urvvycur9J3P$hZ4nf6GV35DPtSwJLh0ulGyiTSjDWintrDc/3pRasQU=", "last_login": null, "is_superuser": false, "username": "nagendra", "first_name": "", "last_name": "", "email": "yveera936@gmail.com", "is_staff": false, "is_active": true, "date_joined": "2026-03-29T05:30:09.893Z", "groups": [], "user_permissions": []}}, {"model": "auth.user", "pk": 39, "fields": {"password": "pbkdf2_sha256$1200000$YSguAYxithm9f4Kgm3LcrR$MXfnicb0CtXUmDmu4wVFgPZSVcZoRFv5694QkHkAjIg=", "last_login": null, "is_superuser": true, "username": "suree", "first_name": "", "last_name": "", "email": "yanamadalasurendra@gmail.com", "is_staff": true, "is_active": true, "date_joined": "2026-04-14T09:20:35.298Z", "groups": [], "user_permissions": []}}, {"model": "auth.user", "pk": 40, "fields": {"password": "pbkdf2_sha256$1200000$HDgZVYZ8gFKZJGoA2HbFmL$KknNwNCp2o3jkIYl2Q180DpG0ULZmnagZH4rYyJAEF4=", "last_login": null, "is_superuser": false, "username": "sairam", "first_name": "", "last_name": "", "email": "vvssgowthamyanamadala@gmail.com", "is_staff": false, "is_active": true, "date_joined": "2026-04-14T09:27:24.521Z", "groups": [], "user_permissions": []}}, {"model": "auth.user", "pk": 41, "fields": {"password": "pbkdf2_sha256$1200000$9yZromrMByYJxW88m9Y6bW$xq+EezneD2CfRqSkqhiM4+VEY0QdZV6Xu4nkLP53fcY=", "last_login": null, "is_superuser": false, "username": "nagendrakumar", "first_name": "", "last_name": "", "email": "yveera936@gmail.com", "is_staff": false, "is_active": true, "date_joined": "2026-04-14T09:36:34.637Z", "groups": [], "user_permissions": []}}, {"model": "auth.user", "pk": 42, "fields": {"password": "pbkdf2_sha256$1200000$wetewpJDXcSB91c13fsdWE$LO9WDPhZaN/NVI5+8XlrqtbG1BcYN7tb5raufdm/T6c=", "last_login": null, "is_superuser": false, "username": "kumar", "first_name": "", "last_name": "", "email": "yveera936@gmail.com", "is_staff": false, "is_active": true, "date_joined": "2026-04-14T09:46:55.578Z", "groups": [], "user_permissions": []}}, {"model": "auth.user", "pk": 43, "fields": {"password": "pbkdf2_sha256$1200000$vmLp6wxgoMh7DtdlmwEQvD$lJoM/3jq/UPNhGi8tV3V+xWMDzcCMHR7kNXGNCmz3XE=", "last_login": null, "is_superuser": false, "username": "kumarraja", "first_name": "", "last_name": "", "email": "yveera936@gmail.com", "is_staff": false, "is_active": true, "date_joined": "2026-04-14T10:20:01.491Z", "groups": [], "user_permissions": []}}, {"model": "auth.user", "pk": 44, "fields": {"password": "pbkdf2_sha256$1200000$7OdNVbKT5HDG1QNl3XojDW$ijNQ0p7jCzC+dHrqBoQu+n0JRRTpgZBoG8j0rsBjIRA=", "last_login": null, "is_superuser": false, "username": "maheshkumar", "first_name": "", "last_name": "", "email": "yveera936@gmail.com", "is_staff": false, "is_active": true, "date_joined": "2026-04-14T11:28:17.271Z", "groups": [], "user_permissions": []}}, {"model": "contenttypes.contenttype", "pk": 1, "fields": {"app_label": "admin", "model": "logentry"}}, {"model": "contenttypes.contenttype", "pk": 2, "fields": {"app_label": "auth", "model": "group"}}, {"model": "contenttypes.contenttype", "pk": 3, "fields": {"app_label": "auth", "model": "permission"}}, {"model": "contenttypes.contenttype", "pk": 4, "fields": {"app_label": "auth", "model": "user"}}, {"model": "contenttypes.contenttype", "pk": 5, "fields": {"app_label": "contenttypes", "model": "contenttype"}}, {"model": "contenttypes.contenttype", "pk": 6, "fields": {"app_label": "sessions", "model": "session"}}, {"model": "contenttypes.contenttype", "pk": 7, "fields": {"app_label": "students", "model": "student"}}, {"model": "contenttypes.contenttype", "pk": 8, "fields": {"app_label": "rooms", "model": "room"}}, {"model": "contenttypes.contenttype", "pk": 9, "fields": {"app_label": "allocations", "model": "allocation"}}, {"model": "contenttypes.contenttype", "pk": 10, "fields": {"app_label": "payments", "model": "payment"}}, {"model": "sessions.session", "pk": "7f0wem0b5tnommwsslumn75h7rnugbcn", "fields": {"session_data": ".eJxVjEEOwiAQRe_C2hAo01JcuvcMZJgZpGpoUtqV8e7apAvd_vfef6mI21ri1mSJE6uzsur0uyWkh9Qd8B3rbdY013WZkt4VfdCmrzPL83K4fwcFW_nWLnnosiMeqfOQAkn2AXgwYJhtDpTADNayZwHPTBa9pR4d0eh6J6zeH_RjOI0:1vx06a:r2dlZTumqQYsFHc_sCzaGN035DL3uV_ydnPN5zj-jjE", "expire_date": "2026-03-16T10:02:24.682Z"}}, {"model": "sessions.session", "pk": "ddyja1dv2ys7l3b4nvjrszypqu2yvfov", "fields": {"session_data": ".eJxVjEEOwiAQRe_C2hAo01JcuvcMZJgZpGpoUtqV8e7apAvd_vfef6mI21ri1mSJE6uzsur0uyWkh9Qd8B3rbdY013WZkt4VfdCmrzPL83K4fwcFW_nWLnnosiMeqfOQAkn2AXgwYJhtDpTADNayZwHPTBa9pR4d0eh6J6zeH_RjOI0:1vzpwz:CAMNffE5X4NeTmqULqE3Yddo3TAvCuYGmJBOYAkRg1o", "expire_date": "2026-03-24T05:48:13.634Z"}}, {"model": "students.student", "pk": 1, "fields": {"user": 5, "name": "John Doe lee unn kee", "email": "james.miller@gmail.com", "phone": "2897930739", "address": "123 Main Street, City", "gender": "Male", "admission_date": "2026-03-01"}}, {"model": "students.student", "pk": 4, "fields": {"user": 6, "name": "pavan", "email": "priya.sharma@outlook.com", "phone": "1898902561", "address": "sandhipudi", "gender": "Male", "admission_date": "2026-03-03"}}, {"model": "students.student", "pk": 6, "fields": {"user": 7, "name": "sravani", "email": "kevin.roberts49@yahoo.com", "phone": "188972561", "address": "sandhipudi", "gender": "Female", "admission_date": "2026-03-04"}}, {"model": "students.student", "pk": 7, "fields": {"user": 8, "name": "harika", "email": "emily.chen@techcorp.io", "phone": "7867872561", "address": "pinapalla", "gender": "Female", "admission_date": "2026-03-04"}}, {"model": "students.student", "pk": 9, "fields": {"user": 11, "name": "Surendra", "email": "surendrababuyanamadala@gmail.com", "phone": "1392424297", "address": "Hyderabad", "gender": "Male", "admission_date": "2026-03-04"}}, {"model": "students.student", "pk": 11, "fields": {"user": 13, "name": "somaraj", "email": "daniel.nguyen@hotmail.com", "phone": "186892561", "address": "pitapuram", "gender": "Male", "admission_date": "2026-03-05"}}, {"model": "students.student", "pk": 13, "fields": {"user": 24, "name": "John Doe", "email": "laura.bennett@example.com", "phone": "1234567890", "address": "123 Main St", "gender": "Male", "admission_date": "2026-03-10"}}, {"model": "students.student", "pk": 14, "fields": {"user": 25, "name": "Jane Doe", "email": "sophia.wright22@gmail.com", "phone": "0987654321", "address": "456 Elm St", "gender": "Male", "admission_date": "2026-03-10"}}, {"model": "students.student", "pk": 18, "fields": {"user": 35, "name": "saigowtham", "email": "vvssgowthamyanamadala@gmail.com", "phone": "8328650044", "address": "pinapalla", "gender": "Male", "admission_date": "2026-03-10"}}, {"model": "students.student", "pk": 24, "fields": {"user": 44, "name": "maheshkumar", "email": "yveera936@gmail.com", "phone": "7839389879", "address": "Hyderabad", "gender": "Male", "admission_date": "2026-04-14"}}, {"model": "rooms.room", "pk": 1, "fields": {"room_number": "101", "room_type": "single", "capacity": 1, "available": false}}, {"model": "rooms.room", "pk": 4, "fields": {"room_number": "104", "room_type": "single", "capacity": 1, "available": true}}, {"model": "rooms.room", "pk": 5, "fields": {"room_number": "105", "room_type": "double", "capacity": 1, "available": true}}, {"model": "rooms.room", "pk": 6, "fields": {"room_number": "106", "room_type": "double", "capacity": 2, "available": false}}, {"model": "rooms.room", "pk": 8, "fields": {"room_number": "111", "room_type": "single", "capacity": 1, "available": true}}, {"model": "rooms.room", "pk": 9, "fields": {"room_number": "115", "room_type": "single", "capacity": 1, "available": true}}, {"model": "rooms.room", "pk": 10, "fields": {"room_number": "109", "room_type": "single", "capacity": 1, "available": true}}, {"model": "rooms.room", "pk": 11, "fields": {"room_number": "102", "room_type": "double", "capacity": 2, "available": true}}, {"model": "rooms.room", "pk": 12, "fields": {"room_number": "103", "room_type": "triple", "capacity": 3, "available": true}}, {"model": "allocations.allocation", "pk": 3, "fields": {"student": 1, "room": 4, "date_allocated": "2026-03-02"}}, {"model": "allocations.allocation", "pk": 5, "fields": {"student": 1, "room": 4, "date_allocated": "2026-03-04"}}, {"model": "allocations.allocation", "pk": 7, "fields": {"student": 6, "room": 1, "date_allocated": "2026-03-04"}}, {"model": "allocations.allocation", "pk": 12, "fields": {"student": 13, "room": 1, "date_allocated": "2026-03-10"}}, {"model": "allocations.allocation", "pk": 13, "fields": {"student": 18, "room": 12, "date_allocated": "2026-03-10"}}, {"model": "allocations.allocation", "pk": 20, "fields": {"student": 24, "room": 5, "date_allocated": "2026-04-14"}}, {"model": "payments.payment", "pk": 1, "fields": {"student": 1, "amount": "5000.00", "month": "January", "year": 2026, "payment_method": "UPI", "transaction_id": "b09db0f0-df6e-4c49-8384-80f818e43db9", "status": "PAID", "payment_date": "2026-03-02T06:58:25.741Z"}}, {"model": "payments.payment", "pk": 2, "fields": {"student": 1, "amount": "5000.00", "month": "February", "year": 2026, "payment_method": "UPI", "transaction_id": "c8417aa4-0e40-4a8c-8ebd-7db7968e27e4", "status": "PAID", "payment_date": "2026-03-02T10:10:03.310Z"}}, {"model": "payments.payment", "pk": 3, "fields": {"student": 1, "amount": "5000.00", "month": "March", "year": 2026, "payment_method": "UPI", "transaction_id": "31608b0d-0b18-4957-911b-5578ed09400b", "status": "PAID", "payment_date": "2026-03-04T05:02:15.520Z"}}, {"model": "payments.payment", "pk": 4, "fields": {"student": 6, "amount": "1000.00", "month": "March", "year": 2026, "payment_method": "UPI", "transaction_id": "97f27d59-1c94-4bdd-a7b3-470873e3ed11", "status": "PAID", "payment_date": "2026-03-05T05:42:22.494Z"}}, {"model": "payments.payment", "pk": 5, "fields": {"student": 11, "amount": "5000.00", "month": "April", "year": 2026, "payment_method": "CARD", "transaction_id": "e813fb5d-0320-4faf-b22e-82e0ab2e4f6c", "status": "PAID", "payment_date": "2026-03-05T12:12:19.801Z"}}, {"model": "payments.payment", "pk": 6, "fields": {"student": 9, "amount": "5000.00", "month": "May", "year": 2026, "payment_method": "CARD", "transaction_id": "8a14ecb0-ff39-4536-921f-02a68f40951b", "status": "PAID", "payment_date": "2026-03-07T04:59:09.172Z"}}, {"model": "payments.payment", "pk": 7, "fields": {"student": 9, "amount": "5000.00", "month": "June", "year": 2026, "payment_method": "CARD", "transaction_id": "2408d9ec-a8e0-4cac-8738-6523a176d3dc", "status": "PAID", "payment_date": "2026-03-07T05:42:41.087Z"}}, {"model": "payments.payment", "pk": 8, "fields": {"student": 9, "amount": "5000.00", "month": "january", "year": 2026, "payment_method": "CARD", "transaction_id": "3fff7944-4800-4595-aea8-de75a8d028c6", "status": "PAID", "payment_date": "2026-03-07T06:55:44.638Z"}}, {"model": "payments.payment", "pk": 9, "fields": {"student": 9, "amount": "5000.00", "month": "August", "year": 2026, "payment_method": "CARD", "transaction_id": "76bcc703-d349-45b0-91e9-68238759bfcd", "status": "PAID", "payment_date": "2026-03-07T06:57:22.751Z"}}, {"model": "payments.payment", "pk": 10, "fields": {"student": 9, "amount": "5000.00", "month": "september", "year": 2026, "payment_method": "CARD", "transaction_id": "6a4343be-6270-4fc6-81e8-522bbb4c204d", "status": "PAID", "payment_date": "2026-03-07T07:12:19.497Z"}}, {"model": "payments.payment", "pk": 17, "fields": {"student": 9, "amount": "5000.00", "month": "December", "year": 2026, "payment_method": "UPI", "transaction_id": "492885db-41df-42e1-b01a-42cd9ad84401", "status": "PAID", "payment_date": "2026-03-07T16:48:14.705Z"}}, {"model": "payments.payment", "pk": 18, "fields": {"student": 18, "amount": "5000.00", "month": "January", "year": 2026, "payment_method": "UPI", "transaction_id": "18643b7f-63f5-4a9a-9a5c-83c05d1a062d", "status": "PAID", "payment_date": "2026-03-10T16:46:10.437Z"}}, {"model": "payments.payment", "pk": 19, "fields": {"student": 18, "amount": "5000.00", "month": "February", "year": 2026, "payment_method": "UPI", "transaction_id": "bebe008f-56a1-4067-abfa-e8811329c54b", "status": "PAID", "payment_date": "2026-03-10T16:49:50.311Z"}}, {"model": "payments.payment", "pk": 22, "fields": {"student": 1, "amount": "5500.00", "month": "December", "year": 2029, "payment_method": "CASH", "transaction_id": "8c4d10ad-1ec4-4d13-97db-e5d110a6f4b0", "status": "PAID", "payment_date": "2026-03-10T17:25:41.358Z"}}, {"model": "payments.payment", "pk": 23, "fields": {"student": 18, "amount": "5000.00", "month": "April", "year": 2026, "payment_method": "UPI", "transaction_id": "14ec24c9-62b3-4c77-8911-613f11936bb6", "status": "PAID", "payment_date": "2026-03-10T17:27:29.299Z"}}, {"model": "payments.payment", "pk": 27, "fields": {"student": 18, "amount": "5000.00", "month": "August", "year": 2026, "payment_method": "CARD", "transaction_id": "e0308ac3-01fa-426f-ad1a-683236134898", "status": "PAID", "payment_date": "2026-03-29T05:23:59.866Z"}}, {"model": "payments.payment", "pk": 30, "fields": {"student": 24, "amount": "5000.00", "month": "April", "year": 2026, "payment_method": "UPI", "transaction_id": "425f4016-9524-4350-8bb5-5fb5b979e918", "status": "PAID", "payment_date": "2026-04-14T11:30:58.493Z"}}, {"model": "payments.payment", "pk": 31, "fields": {"student": 24, "amount": "5000.00", "month": "February", "year": 2026, "payment_method": "CARD", "transaction_id": "6e8acc4f-2ce1-472a-99f4-576109a70fbc", "status": "PAID", "payment_date": "2026-04-14T11:32:24.046Z"}}]
